student_id,student_firstname,student_lastname,student_email,student_birthdate,student_phone,student_address,student_gender,guardian_name,guardian_contact,student_level,course_id,student_rfid
SCC-2024001,John,Smith,john.smith@example.com,2000-01-15,09171234567,123 Oak Street,Male,Mary Smith,09187654321,1st Year,BSIT,RF100001
SCC-2024002,Maria,Santos,maria.santos@example.com,2000-03-22,09182345678,456 Maple Avenue,Female,Pedro Santos,09189876543,2nd Year,BSCS,RF100002
SCC-2024003,James,Garcia,james.garcia@example.com,1999-07-10,09193456789,789 Pine Road,Male,Elena Garcia,09181234567,3rd Year,BSIT,RF100003
SCC-2024004,Sofia,Cruz,sofia.cruz@example.com,2001-05-18,09204567890,321 Cedar Lane,Female,Ramon Cruz,09182345678,1st Year,BSCS,RF100004
SCC-2024005,Michael,Reyes,michael.reyes@example.com,2000-11-30,09215678901,654 Birch Street,Male,Ana Reyes,09193456789,2nd Year,BSIT,RF100005
SCC-2024006,Emma,Tan,emma.tan@example.com,2001-02-14,09226789012,987 Elm Court,Female,David Tan,09204567890,3rd Year,BSCS,RF100006
SCC-2024007,Daniel,Lopez,daniel.lopez@example.com,1999-09-25,09237890123,147 Spruce Drive,Male,Carmen Lopez,09215678901,1st Year,BSIT,RF100007
SCC-2024008,Isabella,Torres,isabella.torres@example.com,2000-06-08,09248901234,258 Willow Way,Female,Miguel Torres,09226789012,2nd Year,BSCS,RF100008
SCC-2024009,Alexander,Flores,alex.flores@example.com,2001-04-19,09259012345,369 Ash Avenue,Male,Rosa Flores,09237890123,3rd Year,BSIT,RF100009
SCC-2024010,Sophia,Rivera,sophia.rivera@example.com,1999-12-03,09260123456,741 Palm Street,Female,Juan Rivera,09248901234,1st Year,BSCS,RF100010
SCC-2024011,William,Gomez,william.gomez@example.com,2000-08-21,09271234567,852 Beach Road,Male,Maria Gomez,09259012345,2nd Year,BSIT,RF100011
SCC-2024012,Olivia,Lim,olivia.lim@example.com,2001-01-11,09282345678,963 Coast Highway,Female,Henry Lim,09260123456,3rd Year,BSCS,RF100012
SCC-2024013,Benjamin,Santos,ben.santos@example.com,1999-10-28,09293456789,159 Mountain View,Male,Sofia Santos,09271234567,1st Year,BSIT,RF100013
SCC-2024014,Mia,Nguyen,mia.nguyen@example.com,2000-07-16,09304567890,357 Valley Road,Female,Tran Nguyen,09282345678,2nd Year,BSCS,RF100014
SCC-2024015,Lucas,Kim,lucas.kim@example.com,2001-03-05,09315678901,246 Lake Avenue,Male,Jin Kim,09293456789,3rd Year,BSIT,RF100015
SCC-2024016,Ava,Chen,ava.chen@example.com,1999-11-13,09326789012,135 River Street,Female,Wei Chen,09304567890,1st Year,BSCS,RF100016
SCC-2024017,Henry,Wang,henry.wang@example.com,2000-09-02,09337890123,468 Forest Lane,Male,Li Wang,09315678901,2nd Year,BSIT,RF100017
SCC-2024018,Charlotte,Lee,charlotte.lee@example.com,2001-06-24,09348901234,791 Garden Road,Female,Min Lee,09326789012,3rd Year,BSCS,RF100018
SCC-2024019,Sebastian,Park,sebastian.park@example.com,1999-08-07,09359012345,024 Sunset Drive,Male,Jung Park,09337890123,1st Year,BSIT,RF100019
SCC-2024020,Amelia,Wu,amelia.wu@example.com,2000-04-30,09360123456,357 Sunrise Avenue,Female,Feng Wu,09348901234,2nd Year,BSCS,RF100020
SCC-2024021,Jack,Zhang,jack.zhang@example.com,2001-02-17,09371234567,680 Moon Street,Male,Hui Zhang,09359012345,3rd Year,BSIT,RF100021
SCC-2024022,Victoria,Liu,victoria.liu@example.com,1999-12-09,09382345678,913 Star Road,Female,Mei Liu,09360123456,1st Year,BSCS,RF100022
SCC-2024023,Oliver,Cho,oliver.cho@example.com,2000-10-26,09393456789,246 Galaxy Lane,Male,Soo Cho,09371234567,2nd Year,BSIT,RF100023
SCC-2024024,Luna,Kang,luna.kang@example.com,2001-07-14,09404567890,579 Universe Drive,Female,Min Kang,09382345678,3rd Year,BSCS,RF100024
SCC-2024025,Leo,Yamamoto,leo.yamamoto@example.com,1999-05-01,09415678901,802 Cosmos Avenue,Male,Hiro Yamamoto,09393456789,1st Year,BSIT,RF100025
SCC-2024026,Grace,Tanaka,grace.tanaka@example.com,2000-03-19,09426789012,135 Neptune Street,Female,Yuki Tanaka,09404567890,2nd Year,BSCS,RF100026
SCC-2024027,Nathan,Suzuki,nathan.suzuki@example.com,2001-01-06,09437890123,468 Mars Road,Male,Kenji Suzuki,09415678901,3rd Year,BSIT,RF100027
SCC-2024028,Zoe,Sato,zoe.sato@example.com,1999-11-23,09448901234,791 Jupiter Lane,Female,Akiko Sato,09426789012,1st Year,BSCS,RF100028
SCC-2024029,Ryan,Watanabe,ryan.watanabe@example.com,2000-08-10,09459012345,024 Saturn Drive,Male,Toshi Watanabe,09437890123,2nd Year,BSIT,RF100029
SCC-2024030,Lily,Ito,lily.ito@example.com,2001-05-28,09460123456,357 Venus Avenue,Female,Yumi Ito,09448901234,3rd Year,BSCS,RF100030
SCC-2024031,Ethan,Nakamura,ethan.nakamura@example.com,1999-09-15,09471234567,680 Mercury Street,Male,Hiroshi Nakamura,09459012345,1st Year,BSIT,RF100031
SCC-2024032,Chloe,Kobayashi,chloe.kobayashi@example.com,2000-06-03,09482345678,913 Pluto Road,Female,Sakura Kobayashi,09460123456,2nd Year,BSCS,RF100032
SCC-2024033,David,Yamada,david.yamada@example.com,2001-03-21,09493456789,246 Earth Lane,Male,Takeshi Yamada,09471234567,3rd Year,BSIT,RF100033
SCC-2024034,Hannah,Saito,hannah.saito@example.com,1999-12-08,09504567890,579 Solar Drive,Female,Kaori Saito,09482345678,1st Year,BSCS,RF100034
SCC-2024035,Andrew,Matsuda,andrew.matsuda@example.com,2000-09-26,09515678901,802 Lunar Avenue,Male,Ryo Matsuda,09493456789,2nd Year,BSIT,RF100035
SCC-2024036,Aria,Fujita,aria.fujita@example.com,2001-07-13,09526789012,135 Stellar Street,Female,Mika Fujita,09504567890,3rd Year,BSCS,RF100036
SCC-2024037,Kevin,Takahashi,kevin.takahashi@example.com,1999-04-30,09537890123,468 Meteor Road,Male,Ken Takahashi,09515678901,1st Year,BSIT,RF100037
SCC-2024038,Scarlett,Nakajima,scarlett.nakajima@example.com,2000-02-17,09548901234,791 Comet Lane,Female,Yoko Nakajima,09526789012,2nd Year,BSCS,RF100038
SCC-2024039,Christopher,Kato,chris.kato@example.com,2001-01-04,09559012345,024 Nova Drive,Male,Masashi Kato,09537890123,3rd Year,BSIT,RF100039
SCC-2024040,Audrey,Yoshida,audrey.yoshida@example.com,1999-10-22,09560123456,357 Orbit Avenue,Female,Emi Yoshida,09548901234,1st Year,BSCS,RF100040
SCC-2024041,Matthew,Inoue,matthew.inoue@example.com,2000-08-09,09571234567,680 Eclipse Street,Male,Daichi Inoue,09559012345,2nd Year,BSIT,RF100041
SCC-2024042,Evelyn,Aoki,evelyn.aoki@example.com,2001-05-27,09582345678,913 Celestial Road,Female,Nana Aoki,09560123456,3rd Year,BSCS,RF100042
SCC-2024043,Joseph,Mori,joseph.mori@example.com,1999-03-14,09593456789,246 Astral Lane,Male,Shota Mori,09571234567,1st Year,BSIT,RF100043
SCC-2024044,Abigail,Abe,abigail.abe@example.com,2000-12-31,09604567890,579 Nebula Drive,Female,Hana Abe,09582345678,2nd Year,BSCS,RF100044
SCC-2024045,Thomas,Harada,thomas.harada@example.com,2001-10-18,09615678901,802 Pulsar Avenue,Male,Yuto Harada,09593456789,3rd Year,BSIT,RF100045
SCC-2024046,Emily,Endo,emily.endo@example.com,1999-07-05,09626789012,135 Quasar Street,Female,Rin Endo,09604567890,1st Year,BSCS,RF100046
SCC-2024047,Samuel,Okada,samuel.okada@example.com,2000-04-23,09637890123,468 Horizon Road,Male,Riku Okada,09615678901,2nd Year,BSIT,RF100047
SCC-2024048,Elizabeth,Maeda,elizabeth.maeda@example.com,2001-02-09,09648901234,791 Dawn Lane,Female,Aoi Maeda,09626789012,3rd Year,BSCS,RF100048
SCC-2024049,Daniel,Nomura,daniel.nomura@example.com,1999-11-27,09659012345,024 Dusk Drive,Male,Sora Nomura,09637890123,1st Year,BSIT,RF100049
SCC-2024050,Madison,Kikuchi,madison.kikuchi@example.com,2000-09-14,09660123456,357 Twilight Avenue,Female,Mai Kikuchi,09648901234,2nd Year,BSCS,RF100050
SCC-2024051,Christopher,Kubo,chris.kubo@example.com,2001-06-01,09671234567,680 Aurora Street,Male,Yuki Kubo,09659012345,3rd Year,BSIT,RF100051
SCC-2024052,Avery,Takeuchi,avery.takeuchi@example.com,1999-03-19,09682345678,913 Rainbow Road,Female,Miu Takeuchi,09660123456,1st Year,BSCS,RF100052
SCC-2024053,Andrew,Fujimoto,andrew.fujimoto@example.com,2000-12-06,09693456789,246 Cloud Lane,Male,Haruki Fujimoto,09671234567,2nd Year,BSIT,RF100053
SCC-2024054,Claire,Ogawa,claire.ogawa@example.com,2001-09-23,09704567890,579 Storm Drive,Female,Yui Ogawa,09682345678,3rd Year,BSCS,RF100054
SCC-2024055,Joshua,Arai,joshua.arai@example.com,1999-06-10,09715678901,802 Thunder Avenue,Male,Kenta Arai,09693456789,1st Year,BSIT,RF100055
SCC-2024056,Natalie,Sakamoto,natalie.sakamoto@example.com,2000-03-28,09726789012,135 Lightning Street,Female,Risa Sakamoto,09704567890,2nd Year,BSCS,RF100056
SCC-2024057,Ryan,Murakami,ryan.murakami@example.com,2001-01-14,09737890123,468 Rain Road,Male,Yuma Murakami,09715678901,3rd Year,BSIT,RF100057
SCC-2024058,Sarah,Nakano,sarah.nakano@example.com,1999-10-02,09748901234,791 Snow Lane,Female,Akane Nakano,09726789012,1st Year,BSCS,RF100058
SCC-2024059,Justin,Ono,justin.ono@example.com,2000-07-19,09759012345,024 Frost Drive,Male,Takumi Ono,09737890123,2nd Year,BSIT,RF100059
SCC-2024060,Rachel,Ishii,rachel.ishii@example.com,2001-04-06,09760123456,357 Ice Avenue,Female,Saki Ishii,09748901234,3rd Year,BSCS,RF100060
SCC-2024061,Brandon,Yamamoto,brandon.yamamoto@example.com,1999-08-23,09771234567,680 Spring Street,Male,Kenji Yamamoto,09759012345,1st Year,BSIT,RF100061
SCC-2024062,Lauren,Tanaka,lauren.tanaka@example.com,2000-05-11,09782345678,913 Summer Road,Female,Ayumi Tanaka,09760123456,2nd Year,BSCS,RF100062
SCC-2024063,Jonathan,Suzuki,jonathan.suzuki@example.com,2001-02-27,09793456789,246 Autumn Lane,Male,Ryota Suzuki,09771234567,3rd Year,BSIT,RF100063
SCC-2024064,Katherine,Sato,katherine.sato@example.com,1999-12-14,09804567890,579 Winter Drive,Female,Yuka Sato,09782345678,1st Year,BSCS,RF100064
SCC-2024065,Tyler,Watanabe,tyler.watanabe@example.com,2000-09-01,09815678901,802 Maple Avenue,Male,Kazuki Watanabe,09793456789,2nd Year,BSIT,RF100065
SCC-2024066,Samantha,Ito,samantha.ito@example.com,2001-06-19,09826789012,135 Cherry Street,Female,Haruna Ito,09804567890,3rd Year,BSCS,RF100066
SCC-2024067,Nicholas,Nakamura,nicholas.nakamura@example.com,1999-03-06,09837890123,468 Sakura Road,Male,Tatsuya Nakamura,09815678901,1st Year,BSIT,RF100067
SCC-2024068,Alexandra,Kobayashi,alexandra.kobayashi@example.com,2000-12-24,09848901234,791 Bamboo Lane,Female,Momoka Kobayashi,09826789012,2nd Year,BSCS,RF100068
SCC-2024069,Eric,Yamada,eric.yamada@example.com,2001-10-11,09859012345,024 Pine Drive,Male,Ryuki Yamada,09837890123,3rd Year,BSIT,RF100069
SCC-2024070,Julia,Saito,julia.saito@example.com,1999-07-28,09860123456,357 Cedar Avenue,Female,Nanami Saito,09848901234,1st Year,BSCS,RF100070
SCC-2024071,Steven,Matsuda,steven.matsuda@example.com,2000-04-15,09871234567,680 Oak Street,Male,Hayato Matsuda,09859012345,2nd Year,BSIT,RF100071
SCC-2024072,Morgan,Fujita,morgan.fujita@example.com,2001-01-02,09882345678,913 Elm Road,Female,Misaki Fujita,09860123456,3rd Year,BSCS,RF100072
SCC-2024073,Timothy,Takahashi,timothy.takahashi@example.com,1999-10-20,09893456789,246 Birch Lane,Male,Shun Takahashi,09871234567,1st Year,BSIT,RF100073
SCC-2024074,Gabriella,Nakajima,gabriella.nakajima@example.com,2000-07-07,09904567890,579 Willow Drive,Female,Ayaka Nakajima,09882345678,2nd Year,BSCS,RF100074
SCC-2024075,Adam,Kato,adam.kato@example.com,2001-04-24,09915678901,802 Aspen Avenue,Male,Yuto Kato,09893456789,3rd Year,BSIT,RF100075
SCC-2024076,Rebecca,Yoshida,rebecca.yoshida@example.com,1999-02-11,09926789012,135 Magnolia Street,Female,Kaho Yoshida,09904567890,1st Year,BSCS,RF100076
SCC-2024077,Patrick,Inoue,patrick.inoue@example.com,2000-11-29,09937890123,468 Dogwood Road,Male,Sota Inoue,09915678901,2nd Year,BSIT,RF100077
SCC-2024078,Caroline,Aoki,caroline.aoki@example.com,2001-09-16,09948901234,791 Redwood Lane,Female,Yuna Aoki,09926789012,3rd Year,BSCS,RF100078
SCC-2024079,Kenneth,Mori,kenneth.mori@example.com,1999-06-03,09959012345,024 Sequoia Drive,Male,Ren Mori,09937890123,1st Year,BSIT,RF100079
SCC-2024080,Allison,Abe,allison.abe@example.com,2000-03-21,09960123456,357 Cypress Avenue,Female,Miki Abe,09948901234,2nd Year,BSCS,RF100080
SCC-2024081,George,Harada,george.harada@example.com,2001-01-07,09971234567,680 Palm Street,Male,Koki Harada,09959012345,3rd Year,BSIT,RF100081
SCC-2024082,Vanessa,Endo,vanessa.endo@example.com,1999-10-25,09982345678,913 Coconut Road,Female,Rika Endo,09960123456,1st Year,BSCS,RF100082
SCC-2024083,Peter,Okada,peter.okada@example.com,2000-08-12,09993456789,246 Banana Lane,Male,Yuki Okada,09971234567,2nd Year,BSIT,RF100083
SCC-2024084,Brianna,Maeda,brianna.maeda@example.com,2001-05-30,09004567890,579 Mango Drive,Female,Sana Maeda,09982345678,3rd Year,BSCS,RF100084
SCC-2024085,Bryan,Nomura,bryan.nomura@example.com,1999-03-17,09015678901,802 Orange Avenue,Male,Riku Nomura,09993456789,1st Year,BSIT,RF100085
SCC-2024086,Nicole,Kikuchi,nicole.kikuchi@example.com,2000-12-04,09026789012,135 Lemon Street,Female,Yui Kikuchi,09004567890,2nd Year,BSCS,RF100086
SCC-2024087,Richard,Kubo,richard.kubo@example.com,2001-09-22,09037890123,468 Lime Road,Male,Haruto Kubo,09015678901,3rd Year,BSIT,RF100087
SCC-2024088,Catherine,Takeuchi,catherine.takeuchi@example.com,1999-07-09,09048901234,791 Apple Lane,Female,Mei Takeuchi,09026789012,1st Year,BSCS,RF100088
SCC-2024089,Scott,Fujimoto,scott.fujimoto@example.com,2000-04-26,09059012345,024 Grape Drive,Male,Yuto Fujimoto,09037890123,2nd Year,BSIT,RF100089
SCC-2024090,Angela,Ogawa,angela.ogawa@example.com,2001-02-13,09060123456,357 Berry Avenue,Female,Hina Ogawa,09048901234,3rd Year,BSCS,RF100090
SCC-2024091,Jeffrey,Arai,jeffrey.arai@example.com,1999-11-30,09071234567,680 Peach Street,Male,Kaito Arai,09059012345,1st Year,BSIT,RF100091
SCC-2024092,Andrea,Sakamoto,andrea.sakamoto@example.com,2000-09-17,09082345678,913 Plum Road,Female,Aoi Sakamoto,09060123456,2nd Year,BSCS,RF100092
SCC-2024093,Gregory,Murakami,gregory.murakami@example.com,2001-06-05,09093456789,246 Pear Lane,Male,Sora Murakami,09071234567,3rd Year,BSIT,RF100093
SCC-2024094,Christine,Nakano,christine.nakano@example.com,1999-03-22,09104567890,579 Fig Drive,Female,Riko Nakano,09082345678,1st Year,BSCS,RF100094
SCC-2024095,Jeremy,Ono,jeremy.ono@example.com,2000-01-09,09115678901,802 Date Avenue,Male,Yuma Ono,09093456789,2nd Year,BSIT,RF100095
SCC-2024096,Michelle,Ishii,michelle.ishii@example.com,2001-10-27,09126789012,135 Kiwi Street,Female,Mio Ishii,09104567890,3rd Year,BSCS,RF100096
SCC-2024097,Stephen,Yamamoto,stephen.yamamoto@example.com,1999-08-14,09137890123,468 Melon Road,Male,Ryo Yamamoto,09115678901,1st Year,BSIT,RF100097
SCC-2024098,Amanda,Tanaka,amanda.tanaka@example.com,2000-05-01,09148901234,791 Papaya Lane,Female,Yuna Tanaka,09126789012,2nd Year,BSCS,RF100098
SCC-2024099,Rachel,Martinez,rachel.martinez@example.com,2001-08-15,09198765432,789 Star Avenue,Female,Carlos Martinez,09187654321,2nd Year,BSIT,RF100099
SCC-2024100,Adrian,Gonzalez,adrian.gonzalez@example.com,2000-11-28,09199876543,456 Moon Street,Male,Maria Gonzalez,09188765432,3rd Year,BSCS,RF100100
SCC-2024101,Elena,Rodriguez,elena.rodriguez@example.com,2001-03-17,09199987654,123 Sun Road,Female,Roberto Rodriguez,09189876543,1st Year,BSIT,RF100101
SCC-2024102,Emma,Williams,emma.williams@example.com,2001-03-22,09162345678,456 Cedar Lane,Female,David Williams,09150123456,2nd Year,BSCS,RF100102
SCC-2024103,Oliver,Brown,oliver.brown@example.com,1999-09-10,09163456789,147 Spruce Drive,Male,Carmen Brown,09161234567,1st Year,BSIT,RF100103
SCC-2024104,Isabella,Davis,isabella.davis@example.com,2000-06-08,09164567890,258 Willow Way,Female,Miguel Davis,09162345678,2nd Year,BSCS,RF100104
SCC-2024105,Alexander,Martin,alex.martin@example.com,2001-04-19,09165678901,369 Ash Avenue,Male,Rosa Martin,09163456789,3rd Year,BSIT,RF100105
SCC-2024106,Sophia,Harris,sophia.harris@example.com,1999-12-03,09166789012,741 Palm Street,Female,Juan Harris,09164567890,1st Year,BSCS,RF100106
SCC-2024107,William,White,william.white@example.com,2000-08-21,09167890123,852 Beach Road,Male,Maria White,09165678901,2nd Year,BSIT,RF100107
SCC-2024108,Olivia,Anderson,olivia.anderson@example.com,2001-01-11,09168901234,963 Coast Highway,Female,Henry Anderson,09166789012,3rd Year,BSCS,RF100108
SCC-2024109,Benjamin,Thomas,ben.thomas@example.com,1999-10-28,09169012345,159 Mountain View,Male,Sofia Thomas,09167890123,1st Year,BSIT,RF100109
SCC-2024110,Mia,Jackson,mia.jackson@example.com,2000-07-16,09170123456,357 Valley Road,Female,Tran Jackson,09168901234,2nd Year,BSCS,RF100110
SCC-2024111,Lucas,Miller,lucas.miller@example.com,2001-03-05,09171234567,246 Lake Avenue,Male,Jin Miller,09169012345,3rd Year,BSIT,RF100111
SCC-2024112,Ava,Wilson,ava.wilson@example.com,1999-11-13,09172345678,135 River Street,Female,Wei Wilson,09170123456,1st Year,BSCS,RF100112
SCC-2024113,Henry,Moore,henry.moore@example.com,2000-09-02,09173456789,468 Forest Lane,Male,Li Moore,09171234567,2nd Year,BSIT,RF100113
SCC-2024114,Charlotte,Taylor,charlotte.taylor@example.com,2001-06-24,09174567890,791 Garden Road,Female,Min Taylor,09172345678,3rd Year,BSCS,RF100114
SCC-2024115,Sebastian,Anderson,sebastian.anderson@example.com,1999-08-07,09175678901,024 Sunset Drive,Male,Jung Anderson,09173456789,1st Year,BSIT,RF100115
SCC-2024116,Amelia,Thomas,amelia.thomas@example.com,2000-04-30,09176789012,357 Sunrise Avenue,Female,Feng Thomas,09174567890,2nd Year,BSCS,RF100116
SCC-2024117,Jack,White,jack.white@example.com,2001-02-17,09177890123,680 Moon Street,Male,Hui White,09175678901,3rd Year,BSIT,RF100117
SCC-2024118,Victoria,Harris,victoria.harris@example.com,1999-12-09,09178901234,913 Star Road,Female,Mei Harris,09176789012,1st Year,BSCS,RF100118
SCC-2024119,Oliver,Martin,oliver.martin@example.com,2000-10-26,09179012345,246 Galaxy Lane,Male,Soo Martin,09177890123,2nd Year,BSIT,RF100119
SCC-2024120,Luna,Brown,luna.brown@example.com,2001-07-14,09180123456,579 Universe Drive,Female,Min Brown,09178901234,3rd Year,BSCS,RF100120
SCC-2024121,Leo,Davis,leo.davis@example.com,1999-05-01,09181234567,802 Cosmos Avenue,Male,Hiro Davis,09179012345,1st Year,BSIT,RF100121
SCC-2024122,Grace,Miller,grace.miller@example.com,2000-03-19,09182345678,135 Neptune Street,Female,Yuki Miller,09180123456,2nd Year,BSCS,RF100122
SCC-2024123,Nathan,Wilson,nathan.wilson@example.com,2001-01-06,09183456789,468 Mars Road,Male,Kenji Wilson,09181234567,3rd Year,BSIT,RF100123
SCC-2024124,Zoe,Moore,zoe.moore@example.com,1999-11-23,09184567890,791 Jupiter Lane,Female,Akiko Moore,09182345678,1st Year,BSCS,RF100124
SCC-2024125,Ryan,Taylor,ryan.taylor@example.com,2000-08-10,09185678901,024 Saturn Drive,Male,Toshi Taylor,09183456789,2nd Year,BSIT,RF100125
SCC-2024126,Lily,Anderson,lily.anderson@example.com,2001-05-28,09186789012,357 Venus Avenue,Female,Yumi Anderson,09184567890,3rd Year,BSCS,RF100126
SCC-2024127,Ethan,Thomas,ethan.thomas@example.com,1999-09-15,09187890123,680 Mercury Street,Male,Hiroshi Thomas,09185678901,1st Year,BSIT,RF100127
SCC-2024128,Chloe,Harris,chloe.harris@example.com,2000-06-03,09188901234,913 Pluto Road,Female,Sakura Harris,09186789012,2nd Year,BSCS,RF100128
SCC-2024129,David,White,david.white@example.com,2001-03-21,09189012345,246 Earth Lane,Male,Takeshi White,09187890123,3rd Year,BSIT,RF100129
SCC-2024130,Hannah,Martin,hannah.martin@example.com,1999-12-08,09190123456,579 Solar Drive,Female,Kaori Martin,09188901234,1st Year,BSCS,RF100130
SCC-2024131,Andrew,Brown,andrew.brown@example.com,2000-09-26,09191234567,802 Lunar Avenue,Male,Ryo Brown,09189012345,2nd Year,BSIT,RF100131
SCC-2024132,Aria,Davis,aria.davis@example.com,2001-07-13,09192345678,135 Stellar Street,Female,Mika Davis,09190123456,3rd Year,BSCS,RF100132
SCC-2024133,Kevin,Miller,kevin.miller@example.com,1999-04-30,09193456789,468 Meteor Road,Male,Ken Miller,09191234567,1st Year,BSIT,RF100133
SCC-2024134,Scarlett,Wilson,scarlett.wilson@example.com,2000-02-17,09194567890,791 Comet Lane,Female,Yoko Wilson,09192345678,2nd Year,BSCS,RF100134
SCC-2024135,Christopher,Moore,chris.moore@example.com,2001-01-04,09195678901,024 Nova Drive,Male,Masashi Moore,09193456789,3rd Year,BSIT,RF100135
SCC-2024136,Audrey,Taylor,audrey.taylor@example.com,1999-10-22,09196789012,357 Orbit Avenue,Female,Emi Taylor,09194567890,1st Year,BSCS,RF100136
SCC-2024137,Matthew,Anderson,matthew.anderson@example.com,2000-08-09,09197890123,680 Eclipse Street,Male,Daichi Anderson,09195678901,2nd Year,BSIT,RF100137
SCC-2024138,Evelyn,Thomas,evelyn.thomas@example.com,2001-05-27,09198901234,913 Celestial Road,Female,Nana Thomas,09196789012,3rd Year,BSCS,RF100138
SCC-2024139,Joseph,Harris,joseph.harris@example.com,1999-03-14,09204567890,246 Astral Lane,Male,Shota Harris,09197890123,1st Year,BSIT,RF100139
SCC-2024140,Abigail,White,abigail.white@example.com,2000-12-31,09215678901,579 Nebula Drive,Female,Hana White,09198901234,2nd Year,BSCS,RF100140
SCC-2024141,Thomas,Martin,thomas.martin@example.com,2001-10-18,09226789012,802 Pulsar Avenue,Male,Yuto Martin,09204567890,3rd Year,BSIT,RF100141
SCC-2024142,Emily,Brown,emily.brown@example.com,1999-07-05,09237890123,135 Quasar Street,Female,Rin Brown,09215678901,1st Year,BSCS,RF100142
SCC-2024143,Samuel,Davis,samuel.davis@example.com,2000-04-23,09248901234,468 Horizon Road,Male,Riku Davis,09226789012,2nd Year,BSIT,RF100143
SCC-2024144,Elizabeth,Miller,elizabeth.miller@example.com,2001-02-09,09259012345,791 Dawn Lane,Female,Aoi Miller,09237890123,3rd Year,BSCS,RF100144
SCC-2024145,Daniel,Wilson,daniel.wilson@example.com,1999-11-27,09260123456,024 Dusk Drive,Male,Sora Wilson,09248901234,1st Year,BSIT,RF100145
SCC-2024146,Madison,Moore,madison.moore@example.com,2000-09-14,09271234567,357 Twilight Avenue,Female,Mai Moore,09259012345,2nd Year,BSCS,RF100146
SCC-2024147,Christopher,Taylor,chris.taylor@example.com,2001-06-01,09282345678,680 Aurora Street,Male,Yuki Taylor,09260123456,3rd Year,BSIT,RF100147
SCC-2024148,Avery,Anderson,avery.anderson@example.com,1999-03-19,09293456789,913 Rainbow Road,Female,Miu Anderson,09271234567,1st Year,BSCS,RF100148
SCC-2024149,Andrew,Thomas,andrew.thomas@example.com,2000-12-06,09294567890,246 Cloud Lane,Male,Haruki Thomas,09282345678,2nd Year,BSIT,RF100149
SCC-2024150,Claire,Harris,claire.harris@example.com,2001-09-23,09304567890,579 Storm Drive,Female,Yui Harris,09293456789,3rd Year,BSCS,RF100150
SCC-2024151,Joshua,White,joshua.white@example.com,1999-06-10,09315678901,802 Thunder Avenue,Male,Kenta White,09304567890,1st Year,BSIT,RF100151
SCC-2024152,Natalie,Martin,natalie.martin@example.com,2000-03-28,09326789012,135 Lightning Street,Female,Risa Martin,09315678901,2nd Year,BSCS,RF100152
SCC-2024153,Ryan,Brown,ryan.brown@example.com,2001-01-14,09337890123,468 Rain Road,Male,Yuma Brown,09326789012,3rd Year,BSIT,RF100153
SCC-2024154,Sarah,Davis,sarah.davis@example.com,1999-10-02,09348901234,791 Snow Lane,Female,Akane Davis,09337890123,1st Year,BSCS,RF100154
SCC-2024155,Marcus,Chen,marcus.chen@example.com,2000-07-15,09401234567,123 Maple Drive,Male,Linda Chen,09391234567,1st Year,BSIT,RF100155
SCC-2024156,Rachel,Kim,rachel.kim@example.com,2001-04-22,09402345678,456 Oak Lane,Female,James Kim,09392345678,2nd Year,BSCS,RF100156
SCC-2024157,Brandon,Wang,brandon.wang@example.com,1999-09-30,09403456789,789 Pine Court,Male,Susan Wang,09393456789,3rd Year,BSIT,RF100157
SCC-2024158,Sophia,Liu,sophia.liu@example.com,2000-06-18,09404567890,321 Cedar Street,Female,Michael Liu,09394567890,1st Year,BSCS,RF100158
SCC-2024159,Jason,Zhang,jason.zhang@example.com,2001-03-25,09405678901,654 Birch Avenue,Male,Jennifer Zhang,09395678901,2nd Year,BSIT,RF100159
SCC-2024160,Emily,Wu,emily.wu@example.com,1999-12-10,09406789012,987 Elm Road,Female,Robert Wu,09396789012,3rd Year,BSCS,RF100160
SCC-2024161,Kevin,Li,kevin.li@example.com,2000-09-05,09407890123,147 Spruce Lane,Male,Patricia Li,09397890123,1st Year,BSIT,RF100161
SCC-2024162,Michelle,Huang,michelle.huang@example.com,2001-06-20,09408901234,258 Willow Path,Female,David Huang,09398901234,2nd Year,BSCS,RF100162
SCC-2024163,Daniel,Zhou,daniel.zhou@example.com,1999-11-15,09409012345,369 Ash Circle,Male,Mary Zhou,09399012345,3rd Year,BSIT,RF100163
SCC-2024164,Angela,Sun,angela.sun@example.com,2000-08-28,09410123456,741 Oak Court,Female,John Sun,09400123456,1st Year,BSCS,RF100164
SCC-2024165,Marco,Dela Cruz,marco.delacruz@example.com,2001-04-12,09411234567,852 Maple Street,Male,Teresa Dela Cruz,09401234567,2nd Year,BSIT,RF100165
SCC-2024166,Sofia,Ramos,sofia.ramos@example.com,2000-09-25,09412345678,963 Pine Avenue,Female,Ramon Ramos,09402345678,3rd Year,BSCS,RF100166
SCC-2024167,Gabriel,Mendoza,gabriel.mendoza@example.com,1999-12-08,09413456789,741 Cedar Road,Male,Maria Mendoza,09403456789,1st Year,BSIT,RF100167
SCC-2024168,Isabella,Santos,isabella.santos@example.com,2001-07-21,09414567890,159 Birch Lane,Female,Jose Santos,09404567890,2nd Year,BSCS,RF100168
SCC-2024169,Rafael,Torres,rafael.torres@example.com,2000-02-14,09415678901,357 Elm Drive,Male,Carmen Torres,09405678901,3rd Year,BSIT,RF100169
SCC-2024170,Camila,Reyes,camila.reyes@example.com,1999-11-30,09416789012,456 Oak Circle,Female,Antonio Reyes,09406789012,1st Year,BSCS,RF100170
SCC-2024171,Diego,Fernandez,diego.fernandez@example.com,2001-06-03,09417890123,789 Spruce Path,Male,Laura Fernandez,09407890123,2nd Year,BSIT,RF100171
SCC-2024172,Valentina,Cruz,valentina.cruz@example.com,2000-01-16,09418901234,123 Willow Court,Female,Miguel Cruz,09408901234,3rd Year,BSCS,RF100172
SCC-2024173,Mateo,Garcia,mateo.garcia@example.com,1999-08-29,09419012345,456 Ash Street,Male,Ana Garcia,09409012345,1st Year,BSIT,RF100173
SCC-2024174,Luna,Morales,luna.morales@example.com,2001-03-12,09420123456,789 Beech Road,Female,Roberto Morales,09410123456,2nd Year,BSCS,RF100174
SCC-2024175,Samuel,Rivera,samuel.rivera@example.com,2000-10-25,09421234567,321 Pine Lane,Male,Elena Rivera,09411234567,3rd Year,BSIT,RF100175
SCC-2024176,Victoria,Gomez,victoria.gomez@example.com,1999-05-08,09422345678,654 Cedar Avenue,Female,Carlos Gomez,09412345678,1st Year,BSCS,RF100176
SCC-2024177,Nicolas,Flores,nicolas.flores@example.com,2001-12-21,09423456789,987 Maple Drive,Male,Isabel Flores,09413456789,2nd Year,BSIT,RF100177
SCC-2024178,Lucia,Perez,lucia.perez@example.com,2000-07-04,09424567890,147 Oak Path,Female,Manuel Perez,09414567890,3rd Year,BSCS,RF100178
SCC-2024179,Emilio,Martinez,emilio.martinez@example.com,1999-02-17,09425678901,258 Elm Court,Male,Rosa Martinez,09415678901,1st Year,BSIT,RF100179
SCC-2024180,Catalina,Rodriguez,catalina.rodriguez@example.com,2001-09-30,09426789012,369 Birch Street,Female,Juan Rodriguez,09416789012,2nd Year,BSCS,RF100180
SCC-2024181,Joaquin,Sanchez,joaquin.sanchez@example.com,2000-04-13,09427890123,741 Spruce Lane,Male,Carmen Sanchez,09417890123,3rd Year,BSIT,RF100181
SCC-2024182,Miranda,Diaz,miranda.diaz@example.com,1999-11-26,09428901234,852 Willow Road,Female,Felipe Diaz,09418901234,1st Year,BSCS,RF100182
SCC-2024183,Felipe,Torres,felipe.torres@example.com,2001-06-09,09429012345,963 Ash Avenue,Male,Maria Torres,09419012345,2nd Year,BSIT,RF100183
SCC-2024184,Daniela,Ramirez,daniela.ramirez@example.com,2000-01-22,09430123456,159 Beech Drive,Female,Jose Ramirez,09420123456,3rd Year,BSCS,RF100184
SCC-2024185,Andres,Herrera,andres.herrera@example.com,1999-08-05,09431234567,357 Pine Path,Male,Ana Herrera,09421234567,1st Year,BSIT,RF100185
SCC-2024186,Regina,Castro,regina.castro@example.com,2001-03-18,09432345678,456 Cedar Court,Female,Luis Castro,09422345678,2nd Year,BSCS,RF100186
SCC-2024187,Martin,Ortiz,martin.ortiz@example.com,2000-10-31,09433456789,789 Maple Lane,Male,Sofia Ortiz,09423456789,3rd Year,BSIT,RF100187
SCC-2024188,Carolina,Vargas,carolina.vargas@example.com,1999-05-14,09434567890,123 Oak Road,Female,Diego Vargas,09424567890,1st Year,BSCS,RF100188
SCC-2024189,Lorenzo,Jimenez,lorenzo.jimenez@example.com,2001-12-27,09435678901,456 Elm Street,Male,Laura Jimenez,09425678901,2nd Year,BSIT,RF100189
SCC-2024190,Valeria,Moreno,valeria.moreno@example.com,2000-07-10,09436789012,789 Birch Avenue,Female,Carlos Moreno,09426789012,3rd Year,BSCS,RF100190
SCC-2024191,Sebastian,Silva,sebastian.silva@example.com,1999-02-23,09437890123,321 Spruce Drive,Male,Isabel Silva,09427890123,1st Year,BSIT,RF100191
SCC-2024192,Mariana,Romero,mariana.romero@example.com,2001-09-06,09438901234,654 Willow Path,Female,Antonio Romero,09428901234,2nd Year,BSCS,RF100192
SCC-2024193,Ricardo,Ruiz,ricardo.ruiz@example.com,2000-04-19,09439012345,987 Ash Lane,Male,Elena Ruiz,09429012345,3rd Year,BSIT,RF100193
SCC-2024194,Adriana,Navarro,adriana.navarro@example.com,1999-11-02,09440123456,147 Beech Court,Female,Manuel Navarro,09430123456,1st Year,BSCS,RF100194
SCC-2024195,Fernando,Medina,fernando.medina@example.com,2001-06-15,09441234567,258 Pine Road,Male,Rosa Medina,09431234567,2nd Year,BSIT,RF100195
SCC-2024196,Gabriela,Acosta,gabriela.acosta@example.com,2000-01-28,09442345678,369 Cedar Street,Female,Juan Acosta,09432345678,3rd Year,BSCS,RF100196
SCC-2024197,Eduardo,Rojas,eduardo.rojas@example.com,1999-08-11,09443456789,741 Maple Avenue,Male,Carmen Rojas,09433456789,1st Year,BSIT,RF100197
SCC-2024198,Antonella,Flores,antonella.flores@example.com,2001-03-24,09444567890,852 Oak Drive,Female,Felipe Flores,09434567890,2nd Year,BSCS,RF100198
SCC-2024199,Santiago,Chavez,santiago.chavez@example.com,2000-10-07,09445678901,963 Elm Path,Male,Maria Chavez,09435678901,3rd Year,BSIT,RF100199
SCC-2024200,Valentina,Pena,valentina.pena@example.com,1999-05-20,09446789012,159 Birch Road,Female,Jose Pena,09436789012,1st Year,BSCS,RF100200
SCC-2024201,Miguel,Bautista,miguel.bautista@example.com,2000-06-15,09447890123,753 Maple Court,Male,Elena Bautista,09437890123,2nd Year,BSIT,RF100201
SCC-2024202,Andrea,Santos,andrea.santos@example.com,2001-01-28,09448901234,852 Pine Street,Female,Carlos Santos,09438901234,3rd Year,BSCS,RF100202
SCC-2024203,Lucas,Villanueva,lucas.villanueva@example.com,1999-09-11,09449012345,951 Oak Avenue,Male,Maria Villanueva,09439012345,1st Year,BSIT,RF100203
SCC-2024204,Julia,Pascual,julia.pascual@example.com,2000-04-24,09450123456,159 Cedar Lane,Female,Antonio Pascual,09440123456,2nd Year,BSCS,RF100204
SCC-2024205,Diego,Ramos,diego.ramos@example.com,2001-11-07,09451234567,357 Birch Road,Male,Sofia Ramos,09441234567,3rd Year,BSIT,RF100205
SCC-2024206,Camila,Mercado,camila.mercado@example.com,1999-06-20,09452345678,456 Elm Path,Female,Juan Mercado,09442345678,1st Year,BSCS,RF100206
SCC-2024207,Matias,Cruz,matias.cruz@example.com,2000-02-03,09453456789,654 Spruce Drive,Male,Carmen Cruz,09443456789,2nd Year,BSIT,RF100207
SCC-2024208,Valentina,Reyes,valentina.reyes@example.com,2001-09-16,09454567890,753 Willow Street,Female,Miguel Reyes,09444567890,3rd Year,BSCS,RF100208
SCC-2024209,Sebastian,Torres,sebastian.torres@example.com,1999-04-29,09455678901,852 Ash Avenue,Male,Ana Torres,09445678901,1st Year,BSIT,RF100209
SCC-2024210,Isabella,Garcia,isabella.garcia@example.com,2000-12-12,09456789012,951 Beech Lane,Female,Luis Garcia,09446789012,2nd Year,BSCS,RF100210
SCC-2024211,Alejandro,Santos,alejandro.santos@example.com,2001-07-25,09457890123,159 Pine Road,Male,Rosa Santos,09447890123,3rd Year,BSIT,RF100211
SCC-2024212,Sofia,Mendoza,sofia.mendoza@example.com,1999-03-08,09458901234,357 Cedar Path,Female,Diego Mendoza,09448901234,1st Year,BSCS,RF100212
SCC-2024213,Emilio,Flores,emilio.flores@example.com,2000-10-21,09459012345,456 Oak Court,Male,Laura Flores,09449012345,2nd Year,BSIT,RF100213
SCC-2024214,Lucia,Castro,lucia.castro@example.com,2001-05-04,09460123456,654 Maple Street,Female,Carlos Castro,09450123456,3rd Year,BSCS,RF100214
SCC-2024215,Martin,Rivera,martin.rivera@example.com,1999-12-17,09461234567,753 Birch Avenue,Male,Isabel Rivera,09451234567,1st Year,BSIT,RF100215
SCC-2024216,Regina,Gonzalez,regina.gonzalez@example.com,2000-08-30,09462345678,852 Elm Drive,Female,Antonio Gonzalez,09452345678,2nd Year,BSCS,RF100216
SCC-2024217,Nicolas,Ramirez,nicolas.ramirez@example.com,2001-03-13,09463456789,951 Spruce Lane,Male,Elena Ramirez,09453456789,3rd Year,BSIT,RF100217
SCC-2024218,Carolina,Morales,carolina.morales@example.com,1999-10-26,09464567890,159 Willow Road,Female,Manuel Morales,09454567890,1st Year,BSCS,RF100218
SCC-2024219,Fernando,Diaz,fernando.diaz@example.com,2000-06-09,09465678901,357 Ash Path,Male,Carmen Diaz,09455678901,2nd Year,BSIT,RF100219
SCC-2024220,Gabriela,Herrera,gabriela.herrera@example.com,2001-01-22,09466789012,456 Beech Street,Female,Juan Herrera,09456789012,3rd Year,BSCS,RF100220
SCC-2024221,Eduardo,Ortiz,eduardo.ortiz@example.com,1999-09-05,09467890123,654 Pine Avenue,Male,Sofia Ortiz,09457890123,1st Year,BSIT,RF100221
SCC-2024222,Antonella,Vargas,antonella.vargas@example.com,2000-04-18,09468901234,753 Cedar Court,Female,Luis Vargas,09458901234,2nd Year,BSCS,RF100222
SCC-2024223,Santiago,Jimenez,santiago.jimenez@example.com,2001-11-01,09469012345,852 Oak Lane,Male,Ana Jimenez,09459012345,3rd Year,BSIT,RF100223
SCC-2024224,Valentina,Moreno,valentina.moreno@example.com,1999-06-14,09470123456,951 Maple Road,Female,Diego Moreno,09460123456,1st Year,BSCS,RF100224
SCC-2024225,Marco,Silva,marco.silva@example.com,2000-02-27,09471234567,159 Birch Path,Male,Laura Silva,09461234567,2nd Year,BSIT,RF100225
SCC-2024226,Sofia,Romero,sofia.romero@example.com,2001-09-10,09472345678,357 Elm Street,Female,Carlos Romero,09462345678,3rd Year,BSCS,RF100226
SCC-2024227,Gabriel,Ruiz,gabriel.ruiz@example.com,1999-04-23,09473456789,456 Spruce Avenue,Male,Isabel Ruiz,09463456789,1st Year,BSIT,RF100227
SCC-2024228,Isabella,Navarro,isabella.navarro@example.com,2000-12-06,09474567890,654 Willow Drive,Female,Antonio Navarro,09464567890,2nd Year,BSCS,RF100228
SCC-2024229,Rafael,Medina,rafael.medina@example.com,2001-07-19,09475678901,753 Ash Court,Male,Elena Medina,09465678901,3rd Year,BSIT,RF100229
SCC-2024230,Camila,Acosta,camila.acosta@example.com,1999-03-02,09476789012,852 Beech Road,Female,Manuel Acosta,09466789012,1st Year,BSCS,RF100230
SCC-2024231,Diego,Rojas,diego.rojas@example.com,2000-10-15,09477890123,951 Pine Lane,Male,Carmen Rojas,09467890123,2nd Year,BSIT,RF100231
SCC-2024232,Valentina,Flores,valentina.flores@example.com,2001-05-28,09478901234,159 Cedar Path,Female,Juan Flores,09468901234,3rd Year,BSCS,RF100232
SCC-2024233,Mateo,Chavez,mateo.chavez@example.com,1999-12-11,09479012345,357 Oak Street,Male,Sofia Chavez,09469012345,1st Year,BSIT,RF100233
SCC-2024234,Luna,Pena,luna.pena@example.com,2000-08-24,09480123456,456 Maple Avenue,Female,Luis Pena,09470123456,2nd Year,BSCS,RF100234
SCC-2024235,Samuel,Bautista,samuel.bautista@example.com,2001-03-07,09481234567,654 Birch Drive,Male,Ana Bautista,09471234567,3rd Year,BSIT,RF100235
SCC-2024236,Victoria,Santos,victoria.santos@example.com,1999-10-20,09482345678,753 Elm Court,Female,Diego Santos,09472345678,1st Year,BSCS,RF100236
SCC-2024237,Nicolas,Villanueva,nicolas.villanueva@example.com,2000-06-03,09483456789,852 Spruce Road,Male,Laura Villanueva,09473456789,2nd Year,BSIT,RF100237
SCC-2024238,Lucia,Pascual,lucia.pascual@example.com,2001-01-16,09484567890,951 Willow Lane,Female,Carlos Pascual,09474567890,3rd Year,BSCS,RF100238
SCC-2024239,Emilio,Ramos,emilio.ramos@example.com,1999-08-29,09485678901,159 Ash Path,Male,Isabel Ramos,09475678901,1st Year,BSIT,RF100239
SCC-2024240,Catalina,Mercado,catalina.mercado@example.com,2000-04-12,09486789012,357 Beech Street,Female,Antonio Mercado,09476789012,2nd Year,BSCS,RF100240
SCC-2024241,Joaquin,Cruz,joaquin.cruz@example.com,2001-11-25,09487890123,456 Pine Avenue,Male,Elena Cruz,09477890123,3rd Year,BSIT,RF100241
SCC-2024242,Miranda,Reyes,miranda.reyes@example.com,1999-07-08,09488901234,654 Cedar Court,Female,Manuel Reyes,09478901234,1st Year,BSCS,RF100242
SCC-2024243,Felipe,Torres,felipe.torres@example.com,2000-02-21,09489012345,753 Ash Court,Male,Carmen Torres,09479012345,2nd Year,BSIT,RF100243
SCC-2024244,Daniela,Garcia,daniela.garcia@example.com,2001-09-04,09490123456,852 Maple Road,Female,Juan Garcia,09480123456,3rd Year,BSCS,RF100244
SCC-2024245,Andres,Santos,andres.santos@example.com,1999-04-17,09491234567,951 Birch Path,Male,Sofia Santos,09481234567,1st Year,BSIT,RF100245
SCC-2024246,Regina,Mendoza,regina.mendoza@example.com,2000-11-30,09492345678,159 Elm Street,Female,Luis Mendoza,09482345678,2nd Year,BSCS,RF100246
SCC-2024247,Martin,Flores,martin.flores@example.com,2001-07-13,09493456789,357 Spruce Avenue,Male,Ana Flores,09483456789,3rd Year,BSIT,RF100247
SCC-2024248,Carolina,Castro,carolina.castro@example.com,1999-02-26,09494567890,456 Willow Drive,Female,Diego Castro,09484567890,1st Year,BSCS,RF100248
SCC-2024249,Lorenzo,Rivera,lorenzo.rivera@example.com,2000-10-09,09495678901,654 Ash Court,Male,Laura Rivera,09485678901,2nd Year,BSIT,RF100249
SCC-2024250,Valeria,Gonzalez,valeria.gonzalez@example.com,2001-05-22,09496789012,753 Beech Road,Female,Carlos Gonzalez,09486789012,3rd Year,BSCS,RF100250
SCC-2024251,Sebastian,Ramirez,sebastian.ramirez@example.com,1999-12-05,09497890123,852 Pine Lane,Male,Isabel Ramirez,09487890123,1st Year,BSIT,RF100251
SCC-2024252,Isabella,Morales,isabella.morales@example.com,2000-07-18,09498901234,951 Cedar Drive,Female,Antonio Morales,09488901234,2nd Year,BSCS,RF100252
SCC-2024253,Alejandro,Diaz,alejandro.diaz@example.com,2001-02-01,09499012345,159 Oak Court,Male,Elena Diaz,09489012345,3rd Year,BSIT,RF100253
SCC-2024254,Sofia,Herrera,sofia.herrera@example.com,1999-09-14,09500123456,357 Maple Avenue,Female,Manuel Herrera,09490123456,1st Year,BSCS,RF100254
SCC-2024255,Emilio,Ortiz,emilio.ortiz@example.com,2000-04-27,09501234567,456 Birch Street,Male,Carmen Ortiz,09491234567,2nd Year,BSIT,RF100255
SCC-2024256,Lucia,Vargas,lucia.vargas@example.com,2001-11-10,09502345678,654 Elm Road,Female,Juan Vargas,09492345678,3rd Year,BSCS,RF100256
SCC-2024257,Martin,Jimenez,martin.jimenez@example.com,1999-06-23,09503456789,753 Spruce Lane,Male,Sofia Jimenez,09493456789,1st Year,BSIT,RF100257
SCC-2024258,Regina,Moreno,regina.moreno@example.com,2000-02-06,09504567890,852 Willow Path,Female,Luis Moreno,09494567890,2nd Year,BSCS,RF100258
SCC-2024259,Nicolas,Silva,nicolas.silva@example.com,2001-09-19,09505678901,951 Ash Drive,Male,Ana Silva,09495678901,3rd Year,BSIT,RF100259
SCC-2024260,Carolina,Romero,carolina.romero@example.com,1999-04-02,09506789012,159 Beech Court,Female,Diego Romero,09496789012,1st Year,BSCS,RF100260
SCC-2024261,Lorenzo,Ruiz,lorenzo.ruiz@example.com,2000-11-15,09507890123,357 Pine Avenue,Male,Laura Ruiz,09497890123,2nd Year,BSIT,RF100261
SCC-2024262,Valeria,Navarro,valeria.navarro@example.com,2001-06-28,09508901234,456 Cedar Street,Female,Carlos Navarro,09498901234,3rd Year,BSCS,RF100262
SCC-2024263,Sebastian,Medina,sebastian.medina@example.com,1999-02-11,09509012345,654 Oak Road,Male,Isabel Medina,09499012345,1st Year,BSIT,RF100263
SCC-2024264,Isabella,Acosta,isabella.acosta@example.com,2000-09-24,09510123456,753 Maple Lane,Female,Antonio Acosta,09500123456,2nd Year,BSCS,RF100264
SCC-2024265,Alejandro,Rojas,alejandro.rojas@example.com,2001-04-07,09511234567,852 Birch Path,Male,Elena Rojas,09501234567,3rd Year,BSIT,RF100265
SCC-2024266,Sofia,Flores,sofia.flores@example.com,1999-11-20,09512345678,951 Elm Drive,Female,Manuel Flores,09502345678,1st Year,BSCS,RF100266
SCC-2024267,Emilio,Chavez,emilio.chavez@example.com,2000-07-03,09513456789,159 Spruce Court,Male,Carmen Chavez,09503456789,2nd Year,BSIT,RF100267
SCC-2024268,Lucia,Pena,lucia.pena@example.com,2001-02-16,09514567890,357 Willow Street,Female,Juan Pena,09504567890,3rd Year,BSCS,RF100268
SCC-2024269,Martin,Bautista,martin.bautista@example.com,1999-09-29,09515678901,456 Ash Avenue,Male,Sofia Bautista,09507890123,1st Year,BSIT,RF100269
SCC-2024270,Regina,Santos,regina.santos@example.com,2000-05-12,09516789012,654 Beech Road,Female,Luis Santos,09508901234,2nd Year,BSCS,RF100270
SCC-2024271,Nicolas,Villanueva,nicolas.villanueva@example.com,2001-12-25,09517890123,753 Pine Lane,Male,Ana Villanueva,09509012345,3rd Year,BSIT,RF100271
SCC-2024272,Carolina,Pascual,carolina.pascual@example.com,1999-08-08,09518901234,852 Cedar Path,Female,Diego Pascual,09510123456,1st Year,BSCS,RF100272
SCC-2024273,Lorenzo,Ramos,lorenzo.ramos@example.com,2000-03-21,09519012345,951 Oak Drive,Male,Laura Ramos,09511234567,2nd Year,BSIT,RF100273
SCC-2024274,Valeria,Mercado,valeria.mercado@example.com,2001-10-04,09520123456,159 Maple Court,Female,Carlos Mercado,09512345678,3rd Year,BSCS,RF100274
SCC-2024275,Sebastian,Cruz,sebastian.cruz@example.com,1999-05-17,09521234567,357 Birch Street,Male,Isabel Cruz,09513456789,1st Year,BSIT,RF100275
SCC-2024276,Isabella,Reyes,isabella.reyes@example.com,2000-12-30,09522345678,456 Elm Avenue,Female,Antonio Reyes,09514567890,2nd Year,BSCS,RF100276
SCC-2024277,Alejandro,Torres,alejandro.torres@example.com,2001-08-13,09523456789,654 Spruce Road,Male,Elena Torres,09515678901,3rd Year,BSIT,RF100277
SCC-2024278,Sofia,Garcia,sofia.garcia@example.com,1999-03-26,09524567890,753 Willow Lane,Female,Manuel Garcia,09516789012,1st Year,BSCS,RF100278
SCC-2024279,Emilio,Santos,emilio.santos@example.com,2000-11-09,09525678901,852 Ash Path,Male,Carmen Santos,09517890123,2nd Year,BSIT,RF100279
SCC-2024280,Lucia,Mendoza,lucia.mendoza@example.com,2001-06-22,09526789012,951 Beech Drive,Female,Juan Mendoza,09519012345,3rd Year,BSCS,RF100280
SCC-2024281,Martin,Flores,martin.flores@example.com,1999-01-05,09527890123,159 Pine Court,Male,Sofia Flores,09520123456,1st Year,BSIT,RF100281
SCC-2024282,Regina,Castro,regina.castro@example.com,2000-08-18,09528901234,357 Cedar Street,Female,Luis Castro,09521234567,2nd Year,BSCS,RF100282
SCC-2024283,Nicolas,Rivera,nicolas.rivera@example.com,2001-03-31,09529012345,456 Oak Avenue,Male,Ana Rivera,09522345678,3rd Year,BSIT,RF100283
SCC-2024284,Carolina,Gonzalez,carolina.gonzalez@example.com,1999-11-14,09530123456,654 Maple Road,Female,Diego Gonzalez,09524567890,1st Year,BSCS,RF100284
SCC-2024285,Lorenzo,Ramirez,lorenzo.ramirez@example.com,2000-06-27,09531234567,753 Birch Lane,Male,Laura Ramirez,09525678901,2nd Year,BSIT,RF100285
SCC-2024286,Valeria,Morales,valeria.morales@example.com,2001-02-09,09532345678,852 Elm Path,Female,Carlos Morales,09526789012,3rd Year,BSCS,RF100286
SCC-2024287,Sebastian,Diaz,sebastian.diaz@example.com,1999-09-22,09533456789,951 Spruce Drive,Male,Isabel Diaz,09527890123,1st Year,BSIT,RF100287
SCC-2024288,Isabella,Herrera,isabella.herrera@example.com,2000-05-05,09534567890,159 Willow Court,Female,Antonio Herrera,09528901234,2nd Year,BSCS,RF100288
SCC-2024289,Alejandro,Ortiz,alejandro.ortiz@example.com,2001-12-18,09535678901,357 Ash Street,Male,Elena Ortiz,09529012345,3rd Year,BSIT,RF100289
SCC-2024290,Sofia,Vargas,sofia.vargas@example.com,1999-07-01,09536789012,456 Beech Avenue,Female,Manuel Vargas,09530123456,1st Year,BSCS,RF100290
SCC-2024291,Emilio,Jimenez,emilio.jimenez@example.com,2000-03-14,09537890123,654 Pine Road,Male,Carmen Jimenez,09531234567,2nd Year,BSIT,RF100291
SCC-2024292,Lucia,Moreno,lucia.moreno@example.com,2001-10-27,09538901234,753 Cedar Lane,Female,Juan Moreno,09532345678,3rd Year,BSCS,RF100292
SCC-2024293,Martin,Silva,martin.silva@example.com,1999-06-10,09539012345,852 Oak Path,Male,Sofia Silva,09533456789,1st Year,BSIT,RF100293
SCC-2024294,Regina,Romero,regina.romero@example.com,2000-01-23,09540123456,951 Maple Drive,Female,Luis Romero,09535678901,2nd Year,BSCS,RF100294
SCC-2024295,Nicolas,Ruiz,nicolas.ruiz@example.com,2001-08-06,09541234567,159 Birch Court,Male,Ana Ruiz,09536789012,3rd Year,BSIT,RF100295
SCC-2024296,Carolina,Navarro,carolina.navarro@example.com,1999-03-19,09542345678,357 Elm Street,Female,Diego Navarro,09537890123,1st Year,BSCS,RF100296
SCC-2024297,Lorenzo,Medina,lorenzo.medina@example.com,2000-10-02,09543456789,456 Spruce Avenue,Male,Laura Medina,09539012345,2nd Year,BSIT,RF100297
SCC-2024298,Valeria,Acosta,valeria.acosta@example.com,2001-05-15,09544567890,654 Willow Road,Female,Carlos Acosta,09540123456,3rd Year,BSCS,RF100298
SCC-2024299,Sebastian,Rojas,sebastian.rojas@example.com,1999-12-28,09545678901,753 Ash Lane,Male,Isabel Rojas,09541234567,1st Year,BSIT,RF100299
SCC-2024300,Isabella,Flores,isabella.flores@example.com,2000-08-11,09546789012,852 Beech Path,Female,Antonio Flores,09542345678,2nd Year,BSCS,RF100300
SCC-2024301,Adrian,Aquino,adrian.aquino@example.com,2000-03-15,09547890123,147 Pine Street,Male,Maria Aquino,09543456789,1st Year,BSIT,RF100301
SCC-2024302,Bianca,Baltazar,bianca.baltazar@example.com,2001-08-28,09548901234,258 Cedar Avenue,Female,Roberto Baltazar,09544567890,2nd Year,BSCS,RF100302
SCC-2024303,Carlo,Caballero,carlo.caballero@example.com,1999-05-11,09549012345,369 Oak Road,Male,Elena Caballero,09545678901,3rd Year,BSIT,RF100303
SCC-2024304,Diana,Delos Santos,diana.delossantos@example.com,2000-12-24,09550123456,470 Maple Lane,Female,Juan Delos Santos,09546789012,1st Year,BSCS,RF100304
SCC-2024305,Eduardo,Enriquez,eduardo.enriquez@example.com,2001-07-07,09551234567,581 Birch Path,Male,Ana Enriquez,09547890123,2nd Year,BSIT,RF100305
SCC-2024306,Francesca,Ferrer,francesca.ferrer@example.com,1999-02-20,09552345678,692 Elm Drive,Female,Carlos Ferrer,09548901234,3rd Year,BSCS,RF100306
SCC-2024307,Gabriel,Guevarra,gabriel.guevarra@example.com,2000-09-03,09553456789,803 Spruce Court,Male,Isabel Guevarra,09549012345,1st Year,BSIT,RF100307
SCC-2024308,Hannah,Hernandez,hannah.hernandez@example.com,2001-04-16,09554567890,914 Willow Street,Female,Miguel Hernandez,09550123456,2nd Year,BSCS,RF100308
SCC-2024309,Ian,Ignacio,ian.ignacio@example.com,1999-11-29,09555678901,125 Ash Avenue,Male,Rosa Ignacio,09551234567,3rd Year,BSIT,RF100309
SCC-2024310,Julia,Jimenez,julia.jimenez@example.com,2000-07-12,09556789012,236 Beech Road,Female,Antonio Jimenez,09552345678,1st Year,BSCS,RF100310
SCC-2024311,Kevin,Kapunan,kevin.kapunan@example.com,2001-02-25,09557890123,347 Pine Lane,Male,Carmen Kapunan,09553456789,2nd Year,BSIT,RF100311
SCC-2024312,Leah,Lim,leah.lim@example.com,1999-10-08,09558901234,458 Cedar Path,Female,David Lim,09554567890,3rd Year,BSCS,RF100312
SCC-2024313,Marco,Magno,marco.magno@example.com,2000-05-21,09559012345,569 Oak Drive,Male,Elena Magno,09555678901,1st Year,BSIT,RF100313
SCC-2024314,Nina,Navarro,nina.navarro@example.com,2001-12-04,09560123456,670 Maple Court,Female,Felipe Navarro,09556789012,2nd Year,BSCS,RF100314
SCC-2024315,Oscar,Ocampo,oscar.ocampo@example.com,1999-07-17,09561234567,781 Birch Street,Male,Gloria Ocampo,09557890123,3rd Year,BSIT,RF100315
SCC-2024316,Patricia,Pascual,patricia.pascual@example.com,2000-02-01,09562345678,892 Elm Avenue,Female,Henry Pascual,09558901234,1st Year,BSCS,RF100316
SCC-2024317,Quincy,Quiambao,quincy.quiambao@example.com,2001-09-14,09563456789,903 Spruce Road,Male,Isabel Quiambao,09559012345,2nd Year,BSIT,RF100317
SCC-2024318,Rachel,Ramos,rachel.ramos@example.com,1999-04-27,09564567890,114 Willow Lane,Female,Jose Ramos,09560123456,3rd Year,BSCS,RF100318
SCC-2024319,Samuel,Santos,samuel.santos@example.com,2000-11-10,09565678901,225 Ash Path,Male,Katrina Santos,09561234567,1st Year,BSIT,RF100319
SCC-2024320,Teresa,Tan,teresa.tan@example.com,2001-06-23,09566789012,336 Beech Drive,Female,Lawrence Tan,09562345678,2nd Year,BSCS,RF100320
SCC-2024321,Ulysses,Uy,ulysses.uy@example.com,1999-01-06,09567890123,447 Pine Court,Male,Maria Uy,09563456789,3rd Year,BSIT,RF100321
SCC-2024322,Victoria,Villanueva,victoria.villanueva@example.com,2000-08-19,09568901234,558 Cedar Street,Female,Nelson Villanueva,09564567890,1st Year,BSCS,RF100322
SCC-2024323,William,Wong,william.wong@example.com,2001-03-04,09569012345,669 Oak Avenue,Male,Olivia Wong,09565678901,2nd Year,BSIT,RF100323
SCC-2024324,Xyra,Xiong,xyra.xiong@example.com,1999-10-17,09570123456,780 Maple Road,Female,Patrick Xiong,09566789012,3rd Year,BSCS,RF100324
SCC-2024325,Yuri,Yap,yuri.yap@example.com,2000-05-30,09571234567,891 Birch Lane,Male,Queenie Yap,09567890123,1st Year,BSIT,RF100325
SCC-2024326,Zara,Zamora,zara.zamora@example.com,2001-01-13,09572345678,902 Elm Path,Female,Richard Zamora,09568901234,2nd Year,BSCS,RF100326
SCC-2024327,Aaron,Aguilar,aaron.aguilar@example.com,1999-08-26,09573456789,113 Spruce Drive,Male,Sarah Aguilar,09569012345,3rd Year,BSIT,RF100327
SCC-2024328,Beatrice,Borja,beatrice.borja@example.com,2000-04-09,09574567890,224 Willow Court,Female,Thomas Borja,09570123456,1st Year,BSCS,RF100328
SCC-2024329,Christian,Chua,christian.chua@example.com,2001-11-22,09575678901,335 Ash Street,Male,Uma Chua,09571234567,2nd Year,BSIT,RF100329
SCC-2024330,Denise,Domingo,denise.domingo@example.com,1999-06-05,09576789012,446 Beech Avenue,Female,Victor Domingo,09572345678,3rd Year,BSCS,RF100330
SCC-2024331,Eric,Espiritu,eric.espiritu@example.com,2000-01-18,09577890123,557 Pine Road,Male,Wendy Espiritu,09573456789,1st Year,BSIT,RF100331
SCC-2024332,Fiona,Francisco,fiona.francisco@example.com,2001-08-01,09578901234,668 Cedar Lane,Female,Xavier Francisco,09574567890,2nd Year,BSCS,RF100332
SCC-2024333,George,Galvez,george.galvez@example.com,1999-03-14,09579012345,779 Oak Path,Male,Ysabel Galvez,09575678901,3rd Year,BSIT,RF100333
SCC-2024334,Helen,Ho,helen.ho@example.com,2000-10-27,09580123456,890 Maple Drive,Female,Zeus Ho,09576789012,1st Year,BSCS,RF100334
SCC-2024335,Ivan,Imperial,ivan.imperial@example.com,2001-06-10,09581234567,901 Birch Court,Male,Alice Imperial,09577890123,2nd Year,BSIT,RF100335
SCC-2024336,Jasmine,Jacinto,jasmine.jacinto@example.com,1999-01-23,09582345678,112 Elm Street,Female,Bernard Jacinto,09578901234,3rd Year,BSCS,RF100336
SCC-2024337,Kyle,Kim,kyle.kim@example.com,2000-08-06,09583456789,223 Spruce Avenue,Male,Catherine Kim,09579012345,1st Year,BSIT,RF100337
SCC-2024338,Luna,Lee,luna.lee@example.com,2001-03-19,09584567890,334 Willow Road,Female,Daniel Lee,09580123456,2nd Year,BSCS,RF100338
SCC-2024339,Marcus,Mendoza,marcus.mendoza@example.com,1999-10-02,09585678901,445 Ash Lane,Male,Elizabeth Mendoza,09581234567,3rd Year,BSIT,RF100339
SCC-2024340,Natasha,Ng,natasha.ng@example.com,2000-05-15,09586789012,556 Beech Path,Female,Francis Ng,09582345678,1st Year,BSCS,RF100340
SCC-2024341,Oliver,Ortega,oliver.ortega@example.com,2001-12-28,09587890123,667 Pine Drive,Male,Grace Ortega,09583456789,2nd Year,BSIT,RF100341
SCC-2024342,Penelope,Ponce,penelope.ponce@example.com,1999-08-11,09588901234,778 Cedar Court,Female,Henry Ponce,09584567890,3rd Year,BSCS,RF100342
SCC-2024343,Quinn,Que,quinn.que@example.com,2000-03-24,09589012345,889 Oak Street,Male,Irene Que,09585678901,1st Year,BSIT,RF100343
SCC-2024344,Rose,Reyes,rose.reyes@example.com,2001-11-07,09590123456,900 Maple Avenue,Female,James Reyes,09586789012,2nd Year,BSCS,RF100344
SCC-2024345,Sean,Sy,sean.sy@example.com,1999-06-20,09591234567,111 Birch Road,Male,Karen Sy,09587890123,3rd Year,BSIT,RF100345
SCC-2024346,Tiffany,Tiu,tiffany.tiu@example.com,2000-01-03,09592345678,222 Elm Lane,Female,Lawrence Tiu,09588901234,1st Year,BSCS,RF100346
SCC-2024347,Uri,Uy,uri.uy@example.com,2001-08-16,09593456789,333 Spruce Path,Male,Michelle Uy,09589012345,2nd Year,BSIT,RF100347
SCC-2024348,Vanessa,Velasco,vanessa.velasco@example.com,1999-03-29,09594567890,444 Willow Drive,Female,Nathan Velasco,09590123456,3rd Year,BSCS,RF100348
SCC-2024349,Wesley,Wu,wesley.wu@example.com,2000-11-12,09595678901,555 Ash Court,Male,Olivia Wu,09591234567,1st Year,BSIT,RF100349
SCC-2024350,Xena,Xu,xena.xu@example.com,2001-06-25,09596789012,666 Beech Street,Female,Patrick Xu,09592345678,2nd Year,BSCS,RF100350
SCC-2024351,Yolanda,Yang,yolanda.yang@example.com,2001-02-08,09597890123,777 Spruce Avenue,Female,Quinn Yang,09593456789,3rd Year,BSIT,RF100351
SCC-2024352,Zachary,Zhang,zachary.zhang@example.com,1999-09-21,09598901234,888 Willow Path,Male,Rachel Zhang,09594567890,1st Year,BSCS,RF100352
SCC-2024353,Abigail,Ang,abigail.ang@example.com,2000-04-04,09599012345,999 Ash Drive,Female,Samuel Ang,09595678901,2nd Year,BSIT,RF100353
SCC-2024354,Benjamin,Bautista,benjamin.bautista@example.com,2001-11-17,09600123456,110 Beech Court,Male,Teresa Bautista,09596789012,3rd Year,BSCS,RF100354
SCC-2024355,Camille,Cruz,camille.cruz@example.com,1999-06-30,09601234567,221 Pine Street,Female,Ulysses Cruz,09597890123,1st Year,BSIT,RF100355
SCC-2024356,Derek,De Leon,derek.deleon@example.com,2000-02-13,09602345678,332 Cedar Avenue,Male,Victoria De Leon,09598901234,2nd Year,BSCS,RF100356
SCC-2024357,Emma,Estrada,emma.estrada@example.com,2001-09-26,09603456789,443 Oak Road,Female,William Estrada,09600123456,3rd Year,BSIT,RF100357
SCC-2024358,Felix,Fajardo,felix.fajardo@example.com,1999-05-09,09604567890,554 Maple Lane,Male,Xyra Fajardo,09601234567,1st Year,BSCS,RF100358
SCC-2024359,Grace,Garcia,grace.garcia@example.com,2000-12-22,09605678901,665 Birch Path,Female,Yuri Garcia,09602345678,2nd Year,BSIT,RF100359
SCC-2024360,Henry,Huang,henry.huang@example.com,2001-07-05,09606789012,776 Elm Drive,Male,Zara Huang,09603456789,3rd Year,BSCS,RF100360
SCC-2024361,Iris,Inocencio,iris.inocencio@example.com,1999-02-18,09607890123,887 Spruce Court,Female,Adrian Inocencio,09604567890,1st Year,BSIT,RF100361
SCC-2024362,Jake,Javier,jake.javier@example.com,2000-09-01,09608901234,998 Willow Street,Male,Bianca Javier,09605678901,2nd Year,BSCS,RF100362
SCC-2024363,Kelly,Ko,kelly.ko@example.com,2001-04-14,09609012345,109 Ash Avenue,Female,Carlo Ko,09606789012,3rd Year,BSIT,RF100363
SCC-2024364,Lance,Lao,lance.lao@example.com,1999-11-27,09610123456,220 Beech Road,Male,Diana Lao,09607890123,1st Year,BSCS,RF100364
SCC-2024365,Maya,Marquez,maya.marquez@example.com,2000-07-10,09611234567,331 Pine Lane,Female,Eduardo Marquez,09608901234,2nd Year,BSIT,RF100365
SCC-2024366,Neil,Natividad,neil.natividad@example.com,2001-02-23,09612345678,442 Cedar Path,Male,Francesca Natividad,09609012345,3rd Year,BSCS,RF100366
SCC-2024367,Olivia,Ong,olivia.ong@example.com,1999-10-06,09613456789,553 Oak Drive,Female,Gabriel Ong,09610123456,1st Year,BSIT,RF100367
SCC-2024368,Paul,Pangilinan,paul.pangilinan@example.com,2000-05-19,09614567890,664 Maple Court,Male,Hannah Pangilinan,09611234567,2nd Year,BSCS,RF100368
SCC-2024369,Queenie,Quintana,queenie.quintana@example.com,2001-12-02,09615678901,775 Birch Street,Female,Ian Quintana,09612345678,3rd Year,BSIT,RF100369
SCC-2024370,Ralph,Rivera,ralph.rivera@example.com,1999-07-15,09616789012,886 Elm Avenue,Male,Julia Rivera,09613456789,1st Year,BSCS,RF100370
SCC-2024371,Sofia,Salvador,sofia.salvador@example.com,2000-03-28,09617890123,997 Spruce Road,Female,Kevin Salvador,09614567890,2nd Year,BSIT,RF100371
SCC-2024372,Tyler,Torres,tyler.torres@example.com,2001-10-11,09618901234,108 Willow Lane,Male,Leah Torres,09615678901,3rd Year,BSCS,RF100372
SCC-2024373,Uma,Umali,uma.umali@example.com,1999-05-24,09619012345,219 Ash Path,Female,Marco Umali,09616789012,1st Year,BSIT,RF100373
SCC-2024374,Victor,Valdez,victor.valdez@example.com,2000-01-07,09620123456,330 Beech Drive,Male,Nina Valdez,09617890123,2nd Year,BSCS,RF100374
SCC-2024375,Wendy,Wang,wendy.wang@example.com,2001-08-20,09621234567,441 Pine Court,Female,Oscar Wang,09618901234,3rd Year,BSIT,RF100375
SCC-2024376,Xavier,Xu,xavier.xu@example.com,1999-04-03,09622345678,552 Cedar Street,Male,Patricia Xu,09619012345,1st Year,BSCS,RF100376
SCC-2024377,Yasmine,Yu,yasmine.yu@example.com,2000-11-16,09623456789,663 Oak Avenue,Female,Quincy Yu,09620123456,2nd Year,BSIT,RF100377
SCC-2024378,Zeus,Zhao,zeus.zhao@example.com,2001-06-29,09624567890,774 Maple Road,Male,Rachel Zhao,09621234567,3rd Year,BSCS,RF100378
SCC-2024379,Alice,Alcantara,alice.alcantara@example.com,1999-02-11,09625678901,885 Birch Lane,Female,Samuel Alcantara,09622345678,1st Year,BSIT,RF100379
SCC-2024380,Bernard,Bondoc,bernard.bondoc@example.com,2000-09-24,09626789012,996 Elm Path,Male,Teresa Bondoc,09623456789,2nd Year,BSCS,RF100380
SCC-2024381,Catherine,Castillo,catherine.castillo@example.com,2001-05-07,09627890123,107 Spruce Drive,Female,Ulysses Castillo,09624567890,3rd Year,BSIT,RF100381
SCC-2024382,Daniel,Dizon,daniel.dizon@example.com,1999-12-20,09628901234,218 Willow Court,Male,Victoria Dizon,09625678901,1st Year,BSCS,RF100382
SCC-2024383,Elizabeth,Evangelista,elizabeth.evangelista@example.com,2000-08-03,09629012345,329 Ash Street,Female,William Evangelista,09626789012,2nd Year,BSIT,RF100383
SCC-2024384,Francis,Fuentes,francis.fuentes@example.com,2001-03-16,09630123456,440 Beech Avenue,Male,Xyra Fuentes,09627890123,3rd Year,BSCS,RF100384
SCC-2024385,Grace,Gonzales,grace.gonzales@example.com,1999-10-29,09631234567,551 Pine Road,Female,Yuri Gonzales,09628901234,1st Year,BSIT,RF100385
SCC-2024386,Henry,Hernando,henry.hernando@example.com,2000-06-12,09632345678,662 Cedar Lane,Male,Zara Hernando,09629012345,2nd Year,BSCS,RF100386
SCC-2024387,Irene,Ilagan,irene.ilagan@example.com,2001-01-25,09633456789,773 Oak Path,Female,Adrian Ilagan,09630123456,3rd Year,BSIT,RF100387
SCC-2024388,James,Jose,james.jose@example.com,1999-08-08,09634567890,884 Maple Drive,Male,Bianca Jose,09631234567,1st Year,BSCS,RF100388
SCC-2024389,Karen,Kwan,karen.kwan@example.com,2000-04-21,09635678901,995 Birch Court,Female,Carlo Kwan,09632345678,2nd Year,BSIT,RF100389
SCC-2024390,Lawrence,Lim,lawrence.lim@example.com,2001-11-04,09636789012,106 Elm Street,Male,Diana Lim,09633456789,3rd Year,BSCS,RF100390
SCC-2024391,Michelle,Morales,michelle.morales@example.com,1999-06-17,09637890123,217 Spruce Avenue,Female,Eduardo Morales,09634567890,1st Year,BSIT,RF100391
SCC-2024392,Nathan,Ngo,nathan.ngo@example.com,2000-01-30,09638901234,328 Willow Road,Male,Francesca Ngo,09635678901,2nd Year,BSCS,RF100392
SCC-2024393,Olivia,Ocampo,olivia.ocampo@example.com,2001-09-13,09639012345,439 Ash Lane,Female,Gabriel Ocampo,09636789012,3rd Year,BSIT,RF100393
SCC-2024394,Patrick,Pascual,patrick.pascual@example.com,1999-04-26,09640123456,550 Beech Path,Male,Hannah Pascual,09637890123,1st Year,BSCS,RF100394
SCC-2024395,Queenie,Quinto,queenie.quinto@example.com,2000-12-09,09641234567,661 Pine Drive,Female,Ian Quinto,09638901234,2nd Year,BSIT,RF100395
SCC-2024396,Richard,Ramos,richard.ramos@example.com,2001-07-22,09642345678,772 Cedar Court,Male,Julia Ramos,09639012345,3rd Year,BSCS,RF100396
SCC-2024397,Sarah,Santos,sarah.santos@example.com,1999-03-05,09643456789,883 Oak Street,Female,Kevin Santos,09640123456,1st Year,BSIT,RF100397
SCC-2024398,Thomas,Tan,thomas.tan@example.com,2000-10-18,09644567890,994 Maple Avenue,Male,Leah Tan,09641234567,2nd Year,BSCS,RF100398
SCC-2024399,Uma,Uy,uma.uy@example.com,2001-05-01,09645678901,105 Birch Road,Female,Marco Uy,09642345678,3rd Year,BSIT,RF100399
SCC-2024400,Victor,Villanueva,victor.villanueva@example.com,1999-12-14,09646789012,216 Elm Lane,Male,Nina Villanueva,09643456789,1st Year,BSCS,RF100400
SCC-2024401,Wendy,Wong,wendy.wong@example.com,2000-07-27,09647890123,327 Spruce Road,Female,Oscar Wong,09644567890,2nd Year,BSIT,RF100401
SCC-2024402,Xavier,Xie,xavier.xie@example.com,2001-03-10,09648901234,438 Willow Lane,Male,Patricia Xie,09645678901,3rd Year,BSCS,RF100402
SCC-2024403,Yasmine,Yap,yasmine.yap@example.com,1999-10-23,09649012345,549 Ash Path,Female,Quincy Yap,09646789012,1st Year,BSIT,RF100403
SCC-2024404,Zeus,Zaragoza,zeus.zaragoza@example.com,2000-06-06,09650123456,660 Beech Drive,Male,Rachel Zaragoza,09647890123,2nd Year,BSCS,RF100404
SCC-2024405,Alice,Aguirre,alice.aguirre@example.com,2001-01-19,09651234567,771 Pine Court,Female,Samuel Aguirre,09648901234,3rd Year,BSIT,RF100405
SCC-2024406,Bernard,Basco,bernard.basco@example.com,1999-08-02,09652345678,882 Cedar Street,Male,Teresa Basco,09649012345,1st Year,BSCS,RF100406
SCC-2024407,Catherine,Chua,catherine.chua@example.com,2000-04-15,09653456789,993 Oak Avenue,Female,Ulysses Chua,09650123456,2nd Year,BSIT,RF100407
SCC-2024408,Daniel,Delos Santos,daniel.delossantos@example.com,2001-11-28,09654567890,104 Maple Road,Male,Victoria Delos Santos,09651234567,3rd Year,BSCS,RF100408
SCC-2024409,Elizabeth,Estrada,elizabeth.estrada@example.com,1999-07-11,09655678901,215 Birch Lane,Female,William Estrada,09652345678,1st Year,BSIT,RF100409
SCC-2024410,Francis,Fernandez,francis.fernandez@example.com,2000-02-24,09656789012,326 Elm Path,Male,Xyra Fernandez,09653456789,2nd Year,BSCS,RF100410
SCC-2024411,Grace,Guerrero,grace.guerrero@example.com,2001-10-07,09657890123,437 Spruce Drive,Female,Yuri Guerrero,09654567890,3rd Year,BSIT,RF100411
SCC-2024412,Henry,Hong,henry.hong@example.com,1999-05-20,09658901234,548 Willow Court,Male,Zara Hong,09655678901,1st Year,BSCS,RF100412
SCC-2024413,Iris,Ignacio,iris.ignacio@example.com,2000-12-03,09659012345,659 Ash Street,Female,Adrian Ignacio,09656789012,2nd Year,BSIT,RF100413
SCC-2024414,James,Jimenez,james.jimenez@example.com,2001-07-16,09660123456,770 Beech Avenue,Male,Bianca Jimenez,09657890123,3rd Year,BSCS,RF100414
SCC-2024415,Karen,Kim,karen.kim@example.com,1999-02-29,09661234567,881 Pine Road,Female,Carlo Kim,09658901234,1st Year,BSIT,RF100415
SCC-2024416,Lawrence,Lao,lawrence.lao@example.com,2000-09-12,09662345678,992 Cedar Lane,Male,Diana Lao,09659012345,2nd Year,BSCS,RF100416
SCC-2024417,Michelle,Mendoza,michelle.mendoza@example.com,2001-04-25,09663456789,103 Oak Path,Female,Eduardo Mendoza,09660123456,3rd Year,BSIT,RF100417
SCC-2024418,Nathan,Ng,nathan.ng@example.com,1999-12-08,09664567890,214 Maple Drive,Male,Francesca Ng,09661234567,1st Year,BSCS,RF100418
SCC-2024419,Olivia,Ortiz,olivia.ortiz@example.com,2000-07-21,09665678901,325 Birch Court,Female,Gabriel Ortiz,09662345678,2nd Year,BSIT,RF100419
SCC-2024420,Patrick,Pena,patrick.pena@example.com,2001-03-04,09666789012,436 Elm Street,Male,Hannah Pena,09663456789,3rd Year,BSCS,RF100420
SCC-2024421,Queenie,Que,queenie.que@example.com,1999-10-17,09667890123,547 Spruce Avenue,Female,Ian Que,09664567890,1st Year,BSIT,RF100421
SCC-2024422,Richard,Reyes,richard.reyes@example.com,2000-05-30,09668901234,658 Willow Road,Male,Julia Reyes,09665678901,2nd Year,BSCS,RF100422
SCC-2024423,Sarah,Sy,sarah.sy@example.com,2001-01-13,09669012345,769 Ash Lane,Female,Kevin Sy,09666789012,3rd Year,BSIT,RF100423
SCC-2024424,Thomas,Tiu,thomas.tiu@example.com,1999-08-26,09670123456,880 Beech Path,Male,Leah Tiu,09667890123,1st Year,BSCS,RF100424
SCC-2024425,Uma,Ureta,uma.ureta@example.com,2000-04-09,09671234567,991 Pine Drive,Female,Marco Ureta,09668901234,2nd Year,BSIT,RF100425
SCC-2024426,Victor,Velasco,victor.velasco@example.com,2001-11-22,09672345678,102 Cedar Court,Male,Nina Velasco,09669012345,3rd Year,BSCS,RF100426
SCC-2024427,Wendy,Wu,wendy.wu@example.com,1999-06-05,09673456789,213 Oak Street,Female,Oscar Wu,09670123456,1st Year,BSIT,RF100427
SCC-2024428,Xavier,Xu,xavier.xu@example.com,2000-01-18,09674567890,324 Maple Avenue,Male,Patricia Xu,09671234567,2nd Year,BSCS,RF100428
SCC-2024429,Yasmine,Yang,yasmine.yang@example.com,2001-08-01,09675678901,435 Birch Road,Female,Quincy Yang,09672345678,3rd Year,BSIT,RF100429
SCC-2024430,Zeus,Zhang,zeus.zhang@example.com,1999-03-14,09676789012,546 Elm Lane,Male,Rachel Zhang,09673456789,1st Year,BSCS,RF100430
SCC-2024431,Alice,Aquino,alice.aquino@example.com,2000-10-27,09677890123,657 Spruce Path,Female,Samuel Aquino,09674567890,2nd Year,BSIT,RF100431
SCC-2024432,Bernard,Baltazar,bernard.baltazar@example.com,2001-06-10,09678901234,768 Willow Drive,Male,Teresa Baltazar,09675678901,3rd Year,BSCS,RF100432
SCC-2024433,Catherine,Cruz,catherine.cruz@example.com,1999-01-23,09679012345,879 Ash Court,Female,Ulysses Cruz,09676789012,1st Year,BSIT,RF100433
SCC-2024434,Daniel,Delos Santos,daniel.delossantos@example.com,2000-08-06,09680123456,990 Beech Street,Male,Victoria Delos Santos,09677890123,2nd Year,BSCS,RF100434
SCC-2024435,Elizabeth,Estrada,elizabeth.estrada@example.com,2001-03-19,09681234567,101 Pine Avenue,Female,William Estrada,09678901234,3rd Year,BSIT,RF100435
SCC-2024436,Francis,Ferrer,francis.ferrer@example.com,1999-10-02,09682345678,212 Cedar Road,Male,Xyra Ferrer,09679012345,1st Year,BSCS,RF100436
SCC-2024437,Grace,Garcia,grace.garcia@example.com,2000-05-15,09683456789,323 Oak Lane,Female,Yuri Garcia,09680123456,2nd Year,BSIT,RF100437
SCC-2024438,Henry,Hernandez,henry.hernandez@example.com,2001-12-28,09684567890,434 Maple Path,Male,Zara Hernandez,09681234567,3rd Year,BSCS,RF100438
SCC-2024439,Iris,Ignacio,iris.ignacio@example.com,1999-08-11,09685678901,545 Birch Drive,Female,Adrian Ignacio,09682345678,1st Year,BSIT,RF100439
SCC-2024440,James,Jimenez,james.jimenez@example.com,2000-03-24,09686789012,656 Elm Court,Male,Bianca Jimenez,09683456789,2nd Year,BSCS,RF100440
SCC-2024441,Karen,Kapunan,karen.kapunan@example.com,2001-11-07,09687890123,767 Spruce Street,Female,Carlo Kapunan,09684567890,3rd Year,BSIT,RF100441
SCC-2024442,Lawrence,Lim,lawrence.lim@example.com,1999-06-20,09688901234,878 Willow Avenue,Male,Diana Lim,09685678901,1st Year,BSCS,RF100442
SCC-2024443,Michelle,Magno,michelle.magno@example.com,2000-01-03,09689012345,989 Ash Road,Female,Eduardo Magno,09686789012,2nd Year,BSIT,RF100443
SCC-2024444,Nathan,Navarro,nathan.navarro@example.com,2001-08-16,09690123456,100 Beech Lane,Male,Francesca Navarro,09687890123,3rd Year,BSCS,RF100444
SCC-2024445,Olivia,Ocampo,olivia.ocampo@example.com,1999-03-29,09691234567,211 Pine Path,Female,Gabriel Ocampo,09688901234,1st Year,BSIT,RF100445
SCC-2024446,Patrick,Pascual,patrick.pascual@example.com,2000-11-12,09692345678,322 Cedar Drive,Male,Hannah Pascual,09689012345,2nd Year,BSCS,RF100446
SCC-2024447,Queenie,Quiambao,queenie.quiambao@example.com,2001-06-25,09693456789,433 Oak Court,Female,Ian Quiambao,09690123456,3rd Year,BSIT,RF100447
SCC-2024448,Richard,Ramos,richard.ramos@example.com,1999-02-08,09694567890,544 Maple Street,Male,Julia Ramos,09691234567,1st Year,BSCS,RF100448
SCC-2024449,Sarah,Santos,sarah.santos@example.com,2000-09-21,09695678901,655 Birch Avenue,Female,Kevin Santos,09692345678,2nd Year,BSIT,RF100449
SCC-2024450,Thomas,Tan,thomas.tan@example.com,2001-04-04,09696789012,766 Elm Road,Male,Leah Tan,09693456789,3rd Year,BSCS,RF100450
